"File","Archive","Original","Hash"
"team-group-lounge-red-wall.jpeg","WhatsApp Unknown 2026-09-26 at 10.29.51 PM.zip","WhatsApp Image 2026-09-25 at 4.01.27 PM.jpeg","B7FDB693BF1C801E7639DE4ED15D8E266A0B4D9C305096D8ABBB99665EF5942E"
"team-group-lounge-portrait.jpeg","WhatsApp Unknown 2026-09-26 at 10.29.51 PM.zip","WhatsApp Image 2026-09-25 at 4.01.27 PM (1).jpeg","18BEFC8BBDBAC183B1AD54D4BE954BD7861751A97DC2839EE55E3716C7B6C696"
"treatment-table-bodywork-01.jpeg","WhatsApp Unknown 2026-09-26 at 10.29.51 PM.zip","WhatsApp Image 2026-09-25 at 4.01.27 PM (2).jpeg","6CD58ECEAB77A89265BED138A2D3633DF94F78DED6BE5A34E5D6A8A0271A3E48"
"treatment-table-bodywork-02.jpeg","WhatsApp Unknown 2026-09-26 at 10.29.51 PM.zip","WhatsApp Image 2026-09-25 at 4.01.27 PM (3).jpeg","AC4BC668923970D554AFA50358FBE8E460E5838BDCB4D8A21C46430F5A2D6CFA"
"client-lounge-green.jpeg","WhatsApp Unknown 2026-09-26 at 10.29.51 PM.zip","WhatsApp Image 2026-09-25 at 4.01.27 PM (4).jpeg","66B475FCA4A0F796666B6908D03EF07323E14E272E93248FA4FB4E7D06560321"
"client-lounge-blue.jpeg","WhatsApp Unknown 2026-09-26 at 10.29.51 PM.zip","WhatsApp Image 2026-09-25 at 4.01.28 PM.jpeg","96D04E4F5102C9BF908E092595DCD4CA7067EBBC8DADBC87D1E7360AE28EABE1"
"client-lounge-stripe.jpeg","WhatsApp Unknown 2026-09-26 at 10.29.51 PM.zip","WhatsApp Image 2026-09-25 at 4.01.28 PM (1).jpeg","7D4DD93A41E52E12670F04EF716310D6D6137611551BE11F7AF9D7A7C8512ACE"
"client-lounge-black.jpeg","WhatsApp Unknown 2026-09-26 at 10.29.51 PM.zip","WhatsApp Image 2026-09-25 at 4.01.28 PM (2).jpeg","B0A1A7561654299EB6F4314EC7C050DEDD3C264D63E2C83089A7DDF52EA2EBF5"
"client-lounge-burgundy.jpeg","WhatsApp Unknown 2026-09-26 at 10.29.51 PM.zip","WhatsApp Image 2026-09-25 at 4.01.28 PM (3).jpeg","ECCFB2C3CF134DA8F28D279274D0A4D08C2D61C7600A8612C25C2CB053D22D0A"
"client-lounge-orange.jpeg","WhatsApp Unknown 2026-09-26 at 10.29.51 PM.zip","WhatsApp Image 2026-09-25 at 4.01.28 PM (4).jpeg","36E035DA2C92A087CFCD85CC78B7FE95C62FCD5F85EF5CB7AC55BBCE03CCC91B"
"treatment-arm-work-01.jpeg","WhatsApp Unknown 2026-09-26 at 10.29.51 PM.zip","WhatsApp Image 2026-09-25 at 4.01.28 PM (5).jpeg","0B91B35C6F0C763EDB60B6407E0DDA310224A0DB5E530430EF1CF13C4EBBF342"
"treatment-hand-work-01.jpeg","WhatsApp Unknown 2026-09-26 at 10.29.51 PM.zip","WhatsApp Image 2026-09-25 at 4.01.28 PM (6).jpeg","5C47DDF301B568BCC7C93500D8D3A93E8AF4A38251A0046003AD269C2E9AB157"
"treatment-hand-work-02.jpeg","WhatsApp Unknown 2026-09-26 at 10.29.51 PM.zip","WhatsApp Image 2026-09-25 at 4.01.28 PM (7).jpeg","743E8F8F995286D7585C282D1A7AA59B6D3F96782D2FB658273C178297B24F38"
"treatment-hand-work-03.jpeg","WhatsApp Unknown 2026-09-26 at 10.29.51 PM.zip","WhatsApp Image 2026-09-25 at 4.01.29 PM.jpeg","3033CD502FF8490853A124FCB5A42CB193A40EF791C6101F9D353D265028EC4D"
"treatment-shoulder-work-01.jpeg","WhatsApp Unknown 2026-09-26 at 10.29.51 PM.zip","WhatsApp Image 2026-09-25 at 4.01.29 PM (1).jpeg","AE6134B50EB75C5DF321C2089734D9A15EA18787BD922BFB380CAEF0588287E3"
"treatment-shoulder-work-02.jpeg","WhatsApp Unknown 2026-09-26 at 10.29.51 PM.zip","WhatsApp Image 2026-09-25 at 4.01.29 PM (2).jpeg","8B575773557A44FFD9F4B0A9A1BF0A884E10B9CDDA5AEA7AA3206CE501D69D23"
"treatment-shoulder-work-03.jpeg","WhatsApp Unknown 2026-09-26 at 10.29.51 PM.zip","WhatsApp Image 2026-09-25 at 4.01.29 PM (3).jpeg","167908977D8CD37898DC211ADEFF828559751D5713A97F6F8F3C4C98E25F6409"
"treatment-back-work-01.jpeg","WhatsApp Unknown 2026-09-26 at 10.29.51 PM.zip","WhatsApp Image 2026-09-25 at 4.01.29 PM (5).jpeg","41D27B9DCB4E0D86EC801A074596BBE374AE5BCB67CD8D20CD9FAB546C080D28"
"treatment-back-work-02.jpeg","WhatsApp Unknown 2026-09-26 at 10.29.51 PM.zip","WhatsApp Image 2026-09-25 at 4.01.29 PM (6).jpeg","FC1D79A14A56255C24332701B955A8017F6D3150A8B5D6C4FBA82211E446E551"
"treatment-back-work-03.jpeg","WhatsApp Unknown 2026-09-26 at 10.29.51 PM.zip","WhatsApp Image 2026-09-25 at 4.01.30 PM.jpeg","53BFBB56312A6523830F6449A06ED893289760E407D15A43FE2A9BC3BC5E1A7D"
"treatment-back-work-04.jpeg","WhatsApp Unknown 2026-09-26 at 10.29.51 PM.zip","WhatsApp Image 2026-09-25 at 4.01.30 PM (1).jpeg","1228B8657567C1B6AB4E3D09FF3878CF3431BDB10132EFAE3FC2D14BCC00EADB"
"treatment-back-work-05.jpeg","WhatsApp Unknown 2026-09-26 at 10.29.51 PM.zip","WhatsApp Image 2026-09-25 at 4.01.30 PM (2).jpeg","393C8BF8FAB226B0EE9B11EC9BCE632C3FFAC01A4B521F7A5050A891490E4FDF"
"treatment-back-work-06.jpeg","WhatsApp Unknown 2026-09-26 at 10.29.51 PM.zip","WhatsApp Image 2026-09-25 at 4.01.30 PM (3).jpeg","662BB1E8CE2402440B685F03C84C8945BB96FB55EDE71D96047CDBD274FFEA53"
"treatment-shoulder-work-04.jpeg","WhatsApp Unknown 2026-09-26 at 10.29.51 PM.zip","WhatsApp Image 2026-09-25 at 4.01.30 PM (4).jpeg","FF7927C50A4ACD82E4ACA48EE44F701A02E8F82A24D0A9325AA954CAEA709B19"
"assisted-stretching-01.jpeg","WhatsApp Unknown 2026-09-26 at 10.29.51 PM.zip","WhatsApp Image 2026-09-25 at 4.01.30 PM (5).jpeg","ACADACDA1DD437F6295F048B9C9406CA424A48295E6BA23049045ECB80340C7F"
"assisted-stretching-02.jpeg","WhatsApp Unknown 2026-09-26 at 10.29.51 PM.zip","WhatsApp Image 2026-09-25 at 4.01.30 PM (7).jpeg","413B5BC791917713F8A817FEA359483928408C5EA86C7558B2B015FFE973A313"
"assisted-stretching-03.jpeg","WhatsApp Unknown 2026-09-26 at 10.29.51 PM.zip","WhatsApp Image 2026-09-25 at 4.01.31 PM.jpeg","C35B406D5CDFDD38F8400AC3B653011C3B09D1A67449FDC9BAAC3AF04B58D69E"
"assisted-stretching-04.jpeg","WhatsApp Unknown 2026-09-26 at 10.29.51 PM.zip","WhatsApp Image 2026-09-25 at 4.01.31 PM (1).jpeg","F439B1ADD0BBBAE2ED34B51449644831DC01CA198F37C59B1268A5BD733D0108"
"assisted-stretching-05.jpeg","WhatsApp Unknown 2026-09-26 at 10.29.51 PM.zip","WhatsApp Image 2026-09-25 at 4.01.31 PM (2).jpeg","FDD67B6655822BF845BA888562D7B2236561F1079D23693949B0C9FFB9E63009"
"assisted-stretching-06.jpeg","WhatsApp Unknown 2026-09-26 at 10.29.51 PM.zip","WhatsApp Image 2026-09-25 at 4.01.31 PM (3).jpeg","62614E58857B06B7F44B81FDC95C33517E27E0F2DDFB01CB22E988585020C259"
"assisted-stretching-07.jpeg","WhatsApp Unknown 2026-09-26 at 10.29.51 PM.zip","WhatsApp Image 2026-09-25 at 4.01.31 PM (4).jpeg","E544BBB743DC3E94859EC3ED6BD3DDDC390E28A1B95625703203CB4CA09D81FF"
"assisted-stretching-08.jpeg","WhatsApp Unknown 2026-09-26 at 10.29.51 PM.zip","WhatsApp Image 2026-09-25 at 4.01.31 PM (5).jpeg","4CA3B0308C777DB826F82CDD8AA0722EB76907C2B6C29625D05F088FD7DC54F2"
"assisted-stretching-09.jpeg","WhatsApp Unknown 2026-09-26 at 10.29.51 PM.zip","WhatsApp Image 2026-09-25 at 4.01.31 PM (6).jpeg","380F2523B884AA081F3F94A4F0A8CD664A1E336D5924F0353697B8A4A826D839"
"assisted-stretching-10.jpeg","WhatsApp Unknown 2026-09-26 at 10.29.51 PM.zip","WhatsApp Image 2026-09-25 at 4.01.31 PM (7).jpeg","DAC777E0C2CB7935EE5657E62467298AFF972F4502E684AEE4AF9E3D75BB7E0E"
"team-group-treatment-room-01.jpeg","WhatsApp Unknown 2026-09-26 at 10.29.51 PM.zip","WhatsApp Image 2026-09-25 at 4.01.32 PM.jpeg","D5AD65E3F4F5502EF03AB3991DACBF022FA34790CE7B0C1CFF98CFDC3A2CD619"
"staff-portrait-01.jpeg","WhatsApp Unknown 2026-09-26 at 10.29.51 PM.zip","WhatsApp Image 2026-09-25 at 4.01.32 PM (1).jpeg","053701B2BE33CF5A3342956D39B3252875468A01FF8E4A9EFA8B72A8762A6203"
"staff-portrait-02.jpeg","WhatsApp Unknown 2026-09-26 at 10.29.51 PM.zip","WhatsApp Image 2026-09-25 at 4.01.32 PM (2).jpeg","328FC389FD46F763EE7612CF12ACB76BEC600CEBACCC5E4374978B219B38B43A"
"staff-portrait-03.jpeg","WhatsApp Unknown 2026-09-26 at 10.29.51 PM.zip","WhatsApp Image 2026-09-25 at 4.01.32 PM (3).jpeg","037DBF9C7D99A46245FB310DEB96FE5DCE908EF536C3AB81740C68E88A9CB9F7"
"staff-portrait-04.jpeg","WhatsApp Unknown 2026-09-26 at 10.29.51 PM.zip","WhatsApp Image 2026-09-25 at 4.01.32 PM (4).jpeg","06A1736C6754935C9478DE2C22C65B7820CB389D52B03C39123BCCB5E7B02395"
"staff-portrait-05.jpeg","WhatsApp Unknown 2026-09-26 at 10.29.51 PM.zip","WhatsApp Image 2026-09-25 at 4.01.32 PM (5).jpeg","E096BC32A37813D56F20872650D2C6B29745DBFF1D960AA7F7B56B0DFE011F68"
"team-group-treatment-room-02.jpeg","attachments (1).zip","4656722170833267114.jpeg","B296F3C58C240F55585987B9F2E32044167B2690D00D9605FD92E2E3807196DC"
"team-group-treatment-room-03.jpeg","attachments (1).zip","8429895255570749405.jpeg","9FA492EBE993080D3E9AA1D4CD754F413F18458C85212D5C954D19E792D31B49"
"team-group-treatment-room-04.jpeg","attachments (1).zip","1579867438477885963.jpeg","B3FC90A1857DA2B4028C2221E344C4160787FF45FB1D263E333A38324A67FA6A"
"team-group-treatment-room-05-portrait.jpeg","attachments (1).zip","45136909891512354.jpeg","57FCEB9E00F2FE7AB62EC926AC47894213420080005E298BC3B6014268172DF6"
"team-group-treatment-room-06-portrait.jpeg","attachments (1).zip","3306099970252443060.jpeg","77EF636B66C071068DD6FA68DE9215B7965C33308891493121368043D641019E"
"team-group-treatment-room-07.jpeg","attachments (1).zip","3689515278321684907.jpeg","000535320EC6EB3219B7B8640C72361037957ABF228EB1C8EC9F4EBE935EBE0F"
"team-group-treatment-room-08.jpeg","attachments (1).zip","5427778804148092970.jpeg","9A52A26216B65A0B21F1158B59DF3AB27B4659E4BA456A5170CFE40C8EA0770C"
"assisted-stretching-11.jpeg","attachments.zip","589874028993175355.jpeg","28B90F5BE78EBF3A9567C5D0A393F65E844E56D2398A2A8A74FF82A8BAAE03E9"
"assisted-stretching-12.jpeg","attachments.zip","1074330857571905275.jpeg","0A11270C1BDAAE1470CC4C5E0E612EEF529FFD6DEFACA8EF6B282F8E6A063082"
"assisted-stretching-13.jpeg","attachments.zip","7219459415998863108.jpeg","40E81E22D4BDD0513482D89CAD6ECB4F57C1ADF7D1556FD88E6AFB431D698898"
"staff-portrait-06.jpeg","attachments.zip","3813698828129828385.jpeg","F442C612FF29FA09D62F8E96AA24DFEFC867C4E186AB2F682BCE2172377205EE"
"assisted-stretching-14.jpeg","attachments.zip","8241736718980907493.jpeg","4097C8F42177368189A861B03D610F5CF7420A815BEE227732B84F62E6B0CC62"
"staff-portrait-07.jpeg","attachments.zip","915450812144550523.jpeg","4D20749954F72290324C137839F1FF753687679CFDC6A68BA65C4A30ABB567B4"
"staff-portrait-08.jpeg","attachments.zip","4114875969059843481.jpeg","AD43EFAC5D878BD1D297C53A52E8C3CE34A6E0852594AC204E7241E92A542602"
"assisted-stretching-15.jpeg","attachments.zip","7216602300608378182.jpeg","26AA6DCDB49412E54E0FA415F84D03009802AC8CDF672F465BAEE3CCD4DFA8FB"
"staff-portrait-09.jpeg","attachments.zip","2481627319973551536.jpeg","08AC4B5797868985EC11EEFB10271D9FDF969ED0574478FF505FD7E4A07BA148"
"assisted-stretching-16.jpeg","attachments.zip","2835486598296381112.jpeg","6573032E5411881E76FD54FA6AAA7A7DF4F9EC0C7E5BA377CA181E7236803F18"
